frame,sim_time,digest,rope0_x,rope0_y,ropeN_x,ropeN_y
0,0.016666667,1db48dcd73e1946c,0.000000000,3.000000000,3.952785177,-2.658295897
1,0.033333333,8297013a87b2eb32,0.000000000,3.000000000,3.952777502,-2.663734916
2,0.050000000,3d25fa8ef19b8a25,0.000000000,3.000000000,3.952724012,-2.671833383
3,0.066666667,a593d6c55a869cc7,0.000000000,3.000000000,3.952520717,-2.682442513
4,0.083333333,3c66e84fdcbd5e98,0.000000000,3.000000000,3.951978762,-2.695292094
5,0.100000000,3b0960f8a8da6562,0.000000000,3.000000000,3.950832147,-2.710001538
6,0.116666667,39f9751ff26ae6c6,0.000000000,3.000000000,3.948766245,-2.726120684
7,0.133333333,056f423387dc51c7,0.000000000,3.000000000,3.945453201,-2.743180444
8,0.150000000,37ea03c24d92ae10,0.000000000,3.000000000,3.940582594,-2.760736670
9,0.166666667,672b8bb7168b4310,0.000000000,3.000000000,3.933881688,-2.778399139
10,0.183333333,3f7e7bac460f702d,0.000000000,3.000000000,3.925124874,-2.795845054
11,0.200000000,22948f7fb48a5da4,0.000000000,3.000000000,3.914134963,-2.812820897
12,0.216666667,bdb80ac0d5d52b04,0.000000000,3.000000000,3.900779991,-2.829137853
13,0.233333333,0b5972fbc202eb75,0.000000000,3.000000000,3.884968787,-2.844665478
14,0.250000000,a4fbe271906d2dac,0.000000000,3.000000000,3.866647419,-2.859326609
15,0.266666667,da156ff2f14d0e28,0.000000000,3.000000000,3.845797325,-2.873094684
16,0.283333333,b1503b05b8780dcb,0.000000000,3.000000000,3.822434815,-2.885993044
17,0.300000000,77a672bbb8b0c165,0.000000000,3.000000000,3.796610977,-2.898094781
18,0.316666667,26773fc43ef26ecc,0.000000000,3.000000000,3.768410795,-2.909521489
19,0.333333333,3fe6528d5446ded4,0.000000000,3.000000000,3.737950569,-2.920439569
20,0.350000000,ed6ea19e0e9ef63e,0.000000000,3.000000000,3.705373215,-2.931053502
21,0.366666667,16e04622f08c87b9,0.000000000,3.000000000,3.670841567,-2.941596268
22,0.383333333,c485b418803ae9aa,0.000000000,3.000000000,3.634530250,-2.952317716
23,0.400000000,cff1362c736c1798,0.000000000,3.000000000,3.596616908,-2.963472018
24,0.416666667,39e185b18970c9ff,0.000000000,3.000000000,3.557273596,-2.975305345
25,0.433333333,6bffdea4bca33ae2,0.000000000,3.000000000,3.516658969,-2.988044698
26,0.450000000,d5dde518db053257,0.000000000,3.000000000,3.474911703,-3.001888493
27,0.466666667,c4f10a0ac09f3758,0.000000000,3.000000000,3.432145335,-3.016999176
28,0.483333333,0e2c6159ebc98fa0,0.000000000,3.000000000,3.388444551,-3.033497914
29,0.500000000,1d4f519da80abd54,0.000000000,3.000000000,3.343862842,-3.051461241
30,0.516666667,bbe76652944ac83e,0.000000000,3.000000000,3.298421449,-3.070919548
31,0.533333333,7cc3d379d16f27ec,0.000000000,3.000000000,3.252109502,-3.091857282
32,0.550000000,340a3ccc77b946ba,0.000000000,3.000000000,3.204885308,-3.114214791
33,0.566666667,397d682654ef68b5,0.000000000,3.000000000,3.156678734,-3.137891729
34,0.583333333,39b7e03066b8ed88,0.000000000,3.000000000,3.107394626,-3.162751952
35,0.600000000,7f3d74073c999966,0.000000000,3.000000000,3.056917136,-3.188629706
36,0.616666667,cfef552a5d2941c4,0.000000000,3.000000000,3.005114783,-3.215336870
37,0.633333333,fb787740e7d7cf9e,0.000000000,3.000000000,2.951845998,-3.242670891
38,0.650000000,a9814469769f9579,0.000000000,3.000000000,2.896964884,-3.270423021
39,0.666666667,99172a7bf1d1a77d,0.000000000,3.000000000,2.840326887,-3.298386434
40,0.683333333,8b8a3ae3b8f25975,0.000000000,3.000000000,2.781794115,-3.326363835
41,0.700000000,59629b56c67fc6ab,0.000000000,3.000000000,2.721240088,-3.354174255
42,0.716666667,203042ef90efe200,0.000000000,3.000000000,2.658553735,-3.381658767
43,0.733333333,b3b71eb5ed01a301,0.000000000,3.000000000,2.593642511,-3.408684945
44,0.750000000,8ea5a9e872839875,0.000000000,3.000000000,2.526434551,-3.435149935
45,0.766666667,f8cbce18b7cf629e,0.000000000,3.000000000,2.456879801,-3.460982058
46,0.783333333,6810bd1526fa7ec1,0.000000000,3.000000000,2.384950099,-3.486140918
47,0.800000000,0121df219742ac43,0.000000000,3.000000000,2.310638264,-3.510616049
48,0.816666667,f941ecd59ca533e8,0.000000000,3.000000000,2.233956237,-3.534424222
49,0.833333333,bab30b6fbaf8710a,0.000000000,3.000000000,2.154932450,-3.557605603
50,0.850000000,50e21a5df3c45fcc,0.000000000,3.000000000,2.073608572,-3.580219008
51,0.866666667,3cd74a02b722599b,0.000000000,3.000000000,1.990035864,-3.602336569
52,0.883333333,4f8fd2afbe17dc57,0.000000000,3.000000000,1.904271341,-3.624038087
53,0.900000000,11ae043e65c051f3,0.000000000,3.000000000,1.816373959,-3.645405371
54,0.916666667,fe671ed78f43f2a3,0.000000000,3.000000000,1.726400982,-3.666516802
55,0.933333333,fd04fc5f3467384f,0.000000000,3.000000000,1.634404696,-3.687442297
56,0.950000000,fe033a83fc0f116d,0.000000000,3.000000000,1.540429577,-3.708238837
57,0.966666667,010d7de2f61672bd,0.000000000,3.000000000,1.444510010,-3.728946624
58,0.983333333,bbaa7d2f95c3e9fe,0.000000000,3.000000000,1.346668630,-3.749585941
59,1.000000000,b879f17ca95b23e9,0.000000000,3.000000000,1.246915344,-3.770154690
60,1.016666667,758e8f9f221da274,0.000000000,3.000000000,1.145247072,-3.790626602
61,1.033333333,ab2ca3204c93ab7f,0.000000000,3.000000000,1.041648247,-3.810950022
62,1.050000000,9cd230d8733241cd,0.000000000,3.000000000,0.936092085,-3.831047183
63,1.066666667,0640ae5e2b0920b7,0.000000000,3.000000000,0.828542641,-3.850813801
64,1.083333333,0402925978c4783c,0.000000000,3.000000000,0.718957670,-3.870118856
65,1.100000000,aaafea0896063b09,0.000000000,3.000000000,0.607292282,-3.888804360
66,1.116666667,4a0518e211ffcb6e,0.000000000,3.000000000,0.493503436,-3.906684974
67,1.133333333,65864fb3724ac247,0.000000000,3.000000000,0.377555276,-3.923547342
68,1.150000000,86a9a91870f3c5d2,0.000000000,3.000000000,0.259425379,-3.939149135
69,1.166666667,6beb2299dde88556,0.000000000,3.000000000,0.139111971,-3.953217894
70,1.183333333,2e7a01e64e6f92e0,0.000000000,3.000000000,0.016642196,-3.965450032
71,1.200000000,5296d9c3dd09d1f9,0.000000000,3.000000000,-0.107918510,-3.975510603
72,1.216666667,3b0a97e6c3e8caf0,0.000000000,3.000000000,-0.234455989,-3.983034881
73,1.233333333,94a07a9a3964bea9,0.000000000,3.000000000,-0.362796233,-3.987633168
74,1.250000000,ac46b216c1e1f458,0.000000000,3.000000000,-0.492694402,-3.988900547
75,1.266666667,51ccef13e492651e,0.000000000,3.000000000,-0.623825698,-3.986433236
76,1.283333333,1b7b5aa1f1696d60,0.000000000,3.000000000,-0.755780681,-3.979852381
77,1.300000000,3a846e52447a1f8c,0.000000000,3.000000000,-0.888068248,-3.968834391
78,1.316666667,e5f3e0bd999a5ad2,0.000000000,3.000000000,-1.020129146,-3.953144390
79,1.333333333,c6cf9ba6088a0c15,0.000000000,3.000000000,-1.151361032,-3.932666755
80,1.350000000,9a4b245470d27118,0.000000000,3.000000000,-1.281152867,-3.907425590
81,1.366666667,fc00da91761985a5,0.000000000,3.000000000,-1.408923044,-3.877589388
82,1.383333333,80b1be35d2ece736,0.000000000,3.000000000,-1.534153933,-3.843458239
83,1.400000000,e0eeb270e2b65526,0.000000000,3.000000000,-1.656416484,-3.805436813
84,1.416666667,6a902bb9c18f13b0,0.000000000,3.000000000,-1.775381897,-3.763999803
85,1.433333333,13db623563bb3c6f,0.000000000,3.000000000,-1.890821070,-3.719657034
86,1.450000000,37b11168adfaffc4,0.000000000,3.000000000,-2.002595174,-3.672923666
87,1.466666667,731b4cbf1b5ae0a9,0.000000000,3.000000000,-2.110641391,-3.624298040
88,1.483333333,868e30ad9583bf0e,0.000000000,3.000000000,-2.214957289,-3.574247363
89,1.500000000,2f76370b774bd467,0.000000000,3.000000000,-2.315586051,-3.523199982
90,1.516666667,fdb9fa08c61dde82,0.000000000,3.000000000,-2.412603674,-3.471542445
91,1.533333333,e68aa8eed4e3d576,0.000000000,3.000000000,-2.506108396,-3.419619685
92,1.550000000,2d2d133b269ab17b,0.000000000,3.000000000,-2.596212166,-3.367736985
93,1.566666667,babfdd822510353e,0.000000000,3.000000000,-2.683033819,-3.316162797
94,1.583333333,c8ef2167427c313c,0.000000000,3.000000000,-2.766693602,-3.265131873
95,1.600000000,4812b4566cda2f99,0.000000000,3.000000000,-2.847308831,-3.214848407
96,1.616666667,0964e1d11be0bbb4,0.000000000,3.000000000,-2.924990522,-3.165489083
97,1.633333333,c4c3a737a8c9ae4f,0.000000000,3.000000000,-2.999840927,-3.117205968
98,1.650000000,d72f615488fa7e18,0.000000000,3.000000000,-3.071951934,-3.070129279
99,1.666666667,cec7331df9072811,0.000000000,3.000000000,-3.141404262,-3.024369983
100,1.683333333,a1590958e889e086,0.000000000,3.000000000,-3.208267354,-2.980022242
101,1.700000000,2742b4f0d271de20,0.000000000,3.000000000,-3.272599831,-2.937165653
102,1.716666667,7aadff82d808608c,0.000000000,3.000000000,-3.334450380,-2.895867266
103,1.733333333,46583a44092d1585,0.000000000,3.000000000,-3.393858911,-2.856183366
104,1.750000000,23655d1e0803dd93,0.000000000,3.000000000,-3.450857864,-2.818161012
105,1.766666667,0d70a534a2b29537,0.000000000,3.000000000,-3.505473586,-2.781839335
106,1.783333333,1cb161f7db6d547b,0.000000000,3.000000000,-3.557727673,-2.747250622
107,1.800000000,fb138cbe6b4eef48,0.000000000,3.000000000,-3.607638272,-2.714421219
108,1.816666667,9ecce6c71d8c54d5,0.000000000,3.000000000,-3.655221278,-2.683372257
109,1.833333333,eef524ba029cc888,0.000000000,3.000000000,-3.700491419,-2.654120252
110,1.850000000,fd0740b37d681c7e,0.000000000,3.000000000,-3.743463205,-2.626677593
111,1.866666667,e8377696b2884662,0.000000000,3.000000000,-3.784151713,-2.601052922
112,1.883333333,774609f2d5078f00,0.000000000,3.000000000,-3.822573190,-2.577251444
113,1.900000000,65e87548855d47fc,0.000000000,3.000000000,-3.858745474,-2.555275166
114,1.916666667,43bc07d3693bf09c,0.000000000,3.000000000,-3.892688207,-2.535123068
115,1.933333333,fdea8cf7eaa01c07,0.000000000,3.000000000,-3.924422861,-2.516791222
116,1.950000000,f1cc3832195090cf,0.000000000,3.000000000,-3.953972586,-2.500272867
117,1.966666667,7417290cc902cbe4,0.000000000,3.000000000,-3.981361912,-2.485558428
118,1.983333333,02bc66618453abe4,0.000000000,3.000000000,-4.006616320,-2.472635498
119,2.000000000,7d9e3b98a22322f0,0.000000000,3.000000000,-4.029761749,-2.461488784
120,2.016666667,f7b12d0d0571da7f,0.000000000,3.000000000,-4.050824058,-2.452100011
121,2.033333333,536ca61f856b5fff,0.000000000,3.000000000,-4.069828491,-2.444447807
122,2.050000000,280712bc767382e5,0.000000000,3.000000000,-4.086799194,-2.438507570
123,2.066666667,eb061fb8302697b6,0.000000000,3.000000000,-4.101758807,-2.434251332
124,2.083333333,1519474e8b7d3397,0.000000000,3.000000000,-4.114728172,-2.431647634
125,2.100000000,c2ba47a24398a521,0.000000000,3.000000000,-4.125726184,-2.430661435
126,2.116666667,4b544ea475f3b07c,0.000000000,3.000000000,-4.134769790,-2.431254075
127,2.133333333,e7023fc163d5d120,0.000000000,3.000000000,-4.141874144,-2.433383317
128,2.150000000,5036121fcfce3de3,0.000000000,3.000000000,-4.147052922,-2.437003474
129,2.166666667,4bde95fe915125d3,0.000000000,3.000000000,-4.150318764,-2.442065656
130,2.183333333,c820733d3478c9e0,0.000000000,3.000000000,-4.151683832,-2.448518132
131,2.200000000,382f42f3f55c4dee,0.000000000,3.000000000,-4.151160430,-2.456306814
132,2.216666667,8af08e78c7b0260f,0.000000000,3.000000000,-4.148761664,-2.465375857
133,2.233333333,947212db4a383687,0.000000000,3.000000000,-4.144502078,-2.475668357
134,2.250000000,350b222bcc2ba5b9,0.000000000,3.000000000,-4.138398239,-2.487127116
135,2.266666667,fd510d5af3bd6880,0.000000000,3.000000000,-4.130469214,-2.499695455
136,2.283333333,5bb1fa9d84d9a362,0.000000000,3.000000000,-4.120736925,-2.513318018
137,2.300000000,d6abe15ef07ad1ed,0.000000000,3.000000000,-4.109226338,-2.527941539
138,2.316666667,560c170bd99e0081,0.000000000,3.000000000,-4.095965491,-2.543515522
139,2.333333333,f81c30b94502ff10,0.000000000,3.000000000,-4.080985352,-2.559992806
140,2.350000000,5965049296af994b,0.000000000,3.000000000,-4.064319512,-2.577329974
141,2.366666667,d20d8fabb86c7f36,0.000000000,3.000000000,-4.046003743,-2.595487593
142,2.383333333,e346b44489bb13fa,0.000000000,3.000000000,-4.026075440,-2.614430263
143,2.400000000,d61c03a4f05fe640,0.000000000,3.000000000,-4.004572974,-2.634126487
144,2.416666667,d4c1e95113c5d417,0.000000000,3.000000000,-3.981534994,-2.654548367
145,2.433333333,d9b2956c764b6df0,0.000000000,3.000000000,-3.956999714,-2.675671134
146,2.450000000,dede37455e8c261b,0.000000000,3.000000000,-3.931004194,-2.697472560
147,2.466666667,70b75532f53f3054,0.000000000,3.000000000,-3.903583666,-2.719932271
148,2.483333333,3e3c9447201c6528,0.000000000,3.000000000,-3.874770905,-2.743030999
149,2.500000000,841dd0619cf65d84,0.000000000,3.000000000,-3.844595671,-2.766749806
150,2.516666667,814e8f246f59682a,0.000000000,3.000000000,-3.813084218,-2.791069334
151,2.533333333,dbc6d0d50419af8d,0.000000000,3.000000000,-3.780258899,-2.815969083
152,2.550000000,a53ca891c6522c3f,0.000000000,3.000000000,-3.746137838,-2.841426783
153,2.566666667,008bb445c546d824,0.000000000,3.000000000,-3.710734695,-2.867417853
154,2.583333333,47e6511ba03f271d,0.000000000,3.000000000,-3.674058506,-2.893914982
155,2.600000000,710104236e10b8f6,0.000000000,3.000000000,-3.636113599,-2.920887855
156,2.616666667,2533f3942aff75ae,0.000000000,3.000000000,-3.596899589,-2.948303010
157,2.633333333,5f89c6a38d306df9,0.000000000,3.000000000,-3.556411444,-2.976123853
158,2.650000000,748e45dd016f8b80,0.000000000,3.000000000,-3.514639623,-3.004310815
159,2.666666667,710eb7f1361bc1b9,0.000000000,3.000000000,-3.471570294,-3.032821653
160,2.683333333,fa860a62b2494188,0.000000000,3.000000000,-3.427185628,-3.061611875
161,2.700000000,4ef3da69c179340a,0.000000000,3.000000000,-3.381464169,-3.090635281
162,2.716666667,af59d07905118441,0.000000000,3.000000000,-3.334381294,-3.119844582
163,2.733333333,53d2687ac0313126,0.000000000,3.000000000,-3.285909743,-3.149192092
164,2.750000000,339feb346fb85217,0.000000000,3.000000000,-3.236020239,-3.178630431
165,2.766666667,3fe7cdf4fc489a24,0.000000000,3.000000000,-3.184682168,-3.208113228
166,2.783333333,78fb952b2b1b3dfc,0.000000000,3.000000000,-3.131864320,-3.237595771
167,2.800000000,7943ac1c3bdf5ad3,0.000000000,3.000000000,-3.077535673,-3.267035582
168,2.816666667,9107322239440a44,0.000000000,3.000000000,-3.021666185,-3.296392857
169,2.833333333,a38dfabea67d4220,0.000000000,3.000000000,-2.964227582,-3.325630777
170,2.850000000,9ea18a0c1c74cf4f,0.000000000,3.000000000,-2.905194106,-3.354715641
171,2.866666667,6d51f4d22e1642d3,0.000000000,3.000000000,-2.844543195,-3.383616820
172,2.883333333,f323f4f4448278f6,0.000000000,3.000000000,-2.782256079,-3.412306537
173,2.900000000,619c7d08c0e9298b,0.000000000,3.000000000,-2.718318260,-3.440759478
174,2.916666667,196d0480d2f38c42,0.000000000,3.000000000,-2.652719876,-3.468952253
175,2.933333333,045d683b8d9e1c5c,0.000000000,3.000000000,-2.585455953,-3.496862744
176,2.950000000,3a2541049c4c302f,0.000000000,3.000000000,-2.516526527,-3.524469365
177,2.966666667,414cd9c023f5781a,0.000000000,3.000000000,-2.445936685,-3.551750283
178,2.983333333,187963fd113dd44f,0.000000000,3.000000000,-2.373696515,-3.578682626
179,3.000000000,21ab1e769b2370a2,0.000000000,3.000000000,-2.299821010,-3.605241721
180,3.016666667,7c0315b8f04274c4,0.000000000,3.000000000,-2.224329939,-3.631400397
181,3.033333333,328df0a5ee3b289a,0.000000000,3.000000000,-2.147247708,-3.657128372
182,3.050000000,dcb58662844e5129,0.000000000,3.000000000,-2.068603246,-3.682391747
183,3.066666667,88414fd8dbdf869c,0.000000000,3.000000000,-1.988429904,-3.707152632
184,3.083333333,11f419e94ed229ee,0.000000000,3.000000000,-1.906765407,-3.731368906
185,3.100000000,17e7ca6d7579d8be,0.000000000,3.000000000,-1.823651832,-3.754994121
186,3.116666667,3315ef1ce224f92f,0.000000000,3.000000000,-1.739135638,-3.777977559
187,3.133333333,b9cfdff3b6a08c41,0.000000000,3.000000000,-1.653267723,-3.800264440
188,3.150000000,9fbbb8df0d198723,0.000000000,3.000000000,-1.566103502,-3.821796281
189,3.166666667,b3fc9f6ad8784734,0.000000000,3.000000000,-1.477702993,-3.842511397
190,3.183333333,de6c32e685a6d3ee,0.000000000,3.000000000,-1.388130894,-3.862345552
191,3.200000000,29a327c7bddbb00f,0.000000000,3.000000000,-1.297456630,-3.881232736
192,3.216666667,36141116c8f48bb9,0.000000000,3.000000000,-1.205754353,-3.899106064
193,3.233333333,ec3247fcd0e8612b,0.000000000,3.000000000,-1.113102876,-3.915898777
194,3.250000000,56f9cf505f7cbbc4,0.000000000,3.000000000,-1.019585525,-3.931545319
195,3.266666667,b338dcef56e07a12,0.000000000,3.000000000,-0.925289892,-3.945982474
196,3.283333333,a1e44752b40a8951,0.000000000,3.000000000,-0.830307482,-3.959150513
197,3.300000000,12641a76b5d4ebf8,0.000000000,3.000000000,-0.734733245,-3.970994331
198,3.316666667,6b5449e169a7ed84,0.000000000,3.000000000,-0.638665001,-3.981464523
199,3.333333333,9b5cafa9fdba247a,0.000000000,3.000000000,-0.542202753,-3.990518356
200,3.350000000,5e260909d7096181,0.000000000,3.000000000,-0.445447917,-3.998120615
201,3.366666667,de864e3886edba05,0.000000000,3.000000000,-0.348502476,-4.004244263
202,3.383333333,7728d4fef71d335a,0.000000000,3.000000000,-0.251468095,-4.008870913
203,3.400000000,2faa774dc15d4fc1,0.000000000,3.000000000,-0.154445220,-4.011991070
204,3.416666667,abc0ee3cb5230b7b,0.000000000,3.000000000,-0.057532189,-4.013604158
205,3.433333333,bd4a6848998f0b5d,0.000000000,3.000000000,0.039175603,-4.013718321
206,3.450000000,c5b26df05c45f8c9,0.000000000,3.000000000,0.135586465,-4.012350003
207,3.466666667,f48802b4f11b25ce,0.000000000,3.000000000,0.231613073,-4.009523356
208,3.483333333,f27306235a074aa0,0.000000000,3.000000000,0.327173011,-4.005269471
209,3.500000000,00314f91c895bd9a,0.000000000,3.000000000,0.422189177,-3.999625482
210,3.516666667,bbc08b4a6d9c9a20,0.000000000,3.000000000,0.516590054,-3.992633575
211,3.533333333,72a1bdc851e6c661,0.000000000,3.000000000,0.610309836,-3.984339938
212,3.550000000,6263f88cf35c2d51,0.000000000,3.000000000,0.703288427,-3.974793679
213,3.566666667,7f1c93b8edade762,0.000000000,3.000000000,0.795471309,-3.964045758
214,3.583333333,c0c5fe402b492f76,0.000000000,3.000000000,0.886809312,-3.952147957
215,3.600000000,a880d9d4de1eb282,0.000000000,3.000000000,0.977258291,-3.939151918
216,3.616666667,c03c21ee45522f7f,0.000000000,3.000000000,1.066778738,-3.925108267
217,3.633333333,c9ab32ed00cbb778,0.000000000,3.000000000,1.155335346,-3.910065865
218,3.650000000,1c7336ff962eb8f3,0.000000000,3.000000000,1.242896550,-3.894071169
219,3.666666667,f8b1398e778cf87f,0.000000000,3.000000000,1.329434061,-3.877167747
220,3.683333333,e77ecbf7e4a28869,0.000000000,3.000000000,1.414922412,-3.859395933
221,3.700000000,be2acec424c34668,0.000000000,3.000000000,1.499338525,-3.840792633
222,3.716666667,78b35e54793a0c9a,0.000000000,3.000000000,1.582661315,-3.821391276
223,3.733333333,d86f8c8e2a5f1d37,0.000000000,3.000000000,1.664871337,-3.801221918
224,3.750000000,7166bacd3220a6fd,0.000000000,3.000000000,1.745950480,-3.780311469
225,3.766666667,3ac3b7158b955eba,0.000000000,3.000000000,1.825881711,-3.758684048
226,3.783333333,ee0c5d515b180c98,0.000000000,3.000000000,1.904648856,-3.736361451
227,3.800000000,0315eb9cfdb195fa,0.000000000,3.000000000,1.982236443,-3.713363694
228,3.816666667,e8c4606d996424d1,0.000000000,3.000000000,2.058629564,-3.689709639
229,3.833333333,6a9ab69b20e1764f,0.000000000,3.000000000,2.133813789,-3.665417656
230,3.850000000,2efefbfdbfe0c914,0.000000000,3.000000000,2.207775092,-3.640506305
231,3.866666667,e75d36662e9b0e60,0.000000000,3.000000000,2.280499803,-3.614995019
232,3.883333333,f152b76af6cf6d5c,0.000000000,3.000000000,2.351974579,-3.588904756
233,3.900000000,5e01510dff7d657b,0.000000000,3.000000000,2.422186373,-3.562258592
234,3.916666667,ff974e350f19c747,0.000000000,3.000000000,2.491122415,-3.535082247
235,3.933333333,6fbe217798ef06f4,0.000000000,3.000000000,2.558770185,-3.507404520
236,3.950000000,78181dcf5d51fe9b,0.000000000,3.000000000,2.625117387,-3.479257607
237,3.966666667,1b9127af4ae6bd9c,0.000000000,3.000000000,2.690151913,-3.450677319
238,3.983333333,e98ab5d6e6d4d666,0.000000000,3.000000000,2.753861797,-3.421703164
239,4.000000000,9094d0cb22e5c3ea,0.000000000,3.000000000,2.816235166,-3.392378320
240,4.016666667,19db964bd8db824b,0.000000000,3.000000000,2.877260169,-3.362749483
241,4.033333333,93d27b4ba3c3f408,0.000000000,3.000000000,2.936924902,-3.332866617
242,4.050000000,912729ab913f5f2d,0.000000000,3.000000000,2.995217322,-3.302782601
243,4.066666667,49fb025868df44f1,0.000000000,3.000000000,3.052125136,-3.272552805
244,4.083333333,7ff2804451436633,0.000000000,3.000000000,3.107635693,-3.242234601
245,4.100000000,e983fba67cc7df24,0.000000000,3.000000000,3.161735855,-3.211886836
246,4.116666667,11eeaa62673450af,0.000000000,3.000000000,3.214411857,-3.181569290
247,4.133333333,761a032e2d0a6aca,0.000000000,3.000000000,3.265649164,-3.151342133
248,4.150000000,b1846da8dbb5ab78,0.000000000,3.000000000,3.315432325,-3.121265405
249,4.166666667,45406c2545c634ef,0.000000000,3.000000000,3.363744822,-3.091398542
250,4.183333333,1cdfd6e9071941f2,0.000000000,3.000000000,3.410568938,-3.061799963
251,4.200000000,354177147b0d0277,0.000000000,3.000000000,3.455885638,-3.032526729
252,4.216666667,1432c512e8aa81d5,0.000000000,3.000000000,3.499674479,-3.003634294
253,4.233333333,23c5bce5f11cffe4,0.000000000,3.000000000,3.541913558,-2.975176336
254,4.250000000,ebd3c239c31ae217,0.000000000,3.000000000,3.582579506,-2.947204703
255,4.266666667,f04daac989810489,0.000000000,3.000000000,3.621647545,-2.919769430
256,4.283333333,465558ae7c4e5798,0.000000000,3.000000000,3.659091600,-2.892918861
257,4.300000000,013347dc766135e8,0.000000000,3.000000000,3.694884485,-2.866699828
258,4.316666667,60ee6c1c7432c02b,0.000000000,3.000000000,3.728998157,-2.841157901
259,4.333333333,b940eae2628890f2,0.000000000,3.000000000,3.761404036,-2.816337675
260,4.350000000,d215706ad879a61f,0.000000000,3.000000000,3.792073386,-2.792283068
261,4.366666667,e223901d6da86499,0.000000000,3.000000000,3.820977742,-2.769037633
262,4.383333333,68ec612a43a5a002,0.000000000,3.000000000,3.848089373,-2.746644836
263,4.400000000,c840113e34f4abe2,0.000000000,3.000000000,3.873381758,-2.725148298
264,4.416666667,15ed79c06b55c52e,0.000000000,3.000000000,3.896830055,-2.704591983
265,4.433333333,540746993a6feaae,0.000000000,3.000000000,3.918411550,-2.685020316
266,4.450000000,7a6422c00b396a10,0.000000000,3.000000000,3.938106052,-2.666478229
267,4.466666667,26f6980ef9f2862e,0.000000000,3.000000000,3.955896224,-2.649011123
268,4.483333333,cc5545fb7ba68f0a,0.000000000,3.000000000,3.971767826,-2.632664762
269,4.500000000,69f7ebd681217812,0.000000000,3.000000000,3.985709869,-2.617485093
270,4.516666667,f1534966b1e65f24,0.000000000,3.000000000,3.997714662,-2.603518006
271,4.533333333,886a6e367c4e0054,0.000000000,3.000000000,4.007777743,-2.590809038
272,4.550000000,7858b99a96f50d9a,0.000000000,3.000000000,4.015897723,-2.579403056
273,4.566666667,68c515f5d4369fd3,0.000000000,3.000000000,4.022076012,-2.569343899
274,4.583333333,98b76a3572440553,0.000000000,3.000000000,4.026316470,-2.560674022
275,4.600000000,350f8c50a9a8e43a,0.000000000,3.000000000,4.028624983,-2.553434141
276,4.616666667,cda62fed4596da71,0.000000000,3.000000000,4.029008978,-2.547662884
277,4.633333333,98193a2f40d20d31,0.000000000,3.000000000,4.027476904,-2.543396470
278,4.650000000,829e1d2c610b7a6b,0.000000000,3.000000000,4.024037696,-2.540668417
279,4.666666667,7b5be673dc2fbf95,0.000000000,3.000000000,4.018700232,-2.539509269
280,4.683333333,1c87c3d90d0b6b29,0.000000000,3.000000000,4.011472811,-2.539946375
281,4.700000000,57ebb49d0684c1ff,0.000000000,3.000000000,4.002362669,-2.542003687
282,4.716666667,5f865428b4961729,0.000000000,3.000000000,3.991375525,-2.545701594
283,4.733333333,2729351bc7d4c02f,0.000000000,3.000000000,3.978515203,-2.551056794
284,4.750000000,77159bed0b1a6dbe,0.000000000,3.000000000,3.963783300,-2.558082180
285,4.766666667,1f5e6eb83890fd1f,0.000000000,3.000000000,3.947178935,-2.566786755
286,4.783333333,d67f3dfa0f276351,0.000000000,3.000000000,3.928698566,-2.577175565
287,4.800000000,089a69ef4ada77e3,0.000000000,3.000000000,3.908335873,-2.589249637
288,4.816666667,d05512a6bd66dea2,0.000000000,3.000000000,3.886081715,-2.603005935
289,4.833333333,701f79f8ef834208,0.000000000,3.000000000,3.861924143,-2.618437305
290,4.850000000,0169d2df92befe89,0.000000000,3.000000000,3.835848480,-2.635532429
291,4.866666667,8f4570c01fd42eae,0.000000000,3.000000000,3.807837439,-2.654275766
292,4.883333333,5ebd1165dabaa217,0.000000000,3.000000000,3.777871292,-2.674647482
293,4.900000000,c8a64ec95d2706d3,0.000000000,3.000000000,3.745928071,-2.696623370
294,4.916666667,749935c36124ebbe,0.000000000,3.000000000,3.711983793,-2.720174747
295,4.933333333,bf54392ec30196ae,0.000000000,3.000000000,3.676012716,-2.745268341
296,4.950000000,98f9bf8ab384c71e,0.000000000,3.000000000,3.637987605,-2.771866145
297,4.966666667,50db865245d0ff92,0.000000000,3.000000000,3.597880012,-2.799925262
298,4.983333333,59c8c9b8ab34ffa2,0.000000000,3.000000000,3.555660571,-2.829397724
299,5.000000000,cc14d11e4cf40b5a,0.000000000,3.000000000,3.511299309,-2.860230287
300,5.016666667,91b8b406cffef398,0.000000000,3.000000000,3.464765964,-2.892364218
301,5.033333333,12896f56b8e53734,0.000000000,3.000000000,3.416030332,-2.925735062
302,5.050000000,006ec88d2e744008,0.000000000,3.000000000,3.365062630,-2.960272403
303,5.066666667,dc4d8b573231ab24,0.000000000,3.000000000,3.311833893,-2.995899622
304,5.083333333,618aaffea5d8cfbc,0.000000000,3.000000000,3.256316411,-3.032533669
305,5.100000000,33ec151ddf757da4,0.000000000,3.000000000,3.198484211,-3.070084850
306,5.116666667,ba8672d6992af907,0.000000000,3.000000000,3.138313584,-3.108456642
307,5.133333333,ad04887a3e8b2733,0.000000000,3.000000000,3.075783678,-3.147545566
308,5.150000000,34b3ee867e02514b,0.000000000,3.000000000,3.010877146,-3.187241118
309,5.166666667,3a14bdfa30f32c6e,0.000000000,3.000000000,2.943580858,-3.227425784
310,5.183333333,2143aa69eb802889,0.000000000,3.000000000,2.873886665,-3.267975159
311,5.200000000,6bcd6dff373c948e,0.000000000,3.000000000,2.801792223,-3.308758195
312,5.216666667,621722327fceb221,0.000000000,3.000000000,2.727301838,-3.349637584
313,5.233333333,0f65eb2859a1db05,0.000000000,3.000000000,2.650427346,-3.390470303
314,5.250000000,ebb0e421f7341410,0.000000000,3.000000000,2.571188981,-3.431108336
315,5.266666667,d8c53e385d67b870,0.000000000,3.000000000,2.489616205,-3.471399571
316,5.283333333,49380077412408e5,0.000000000,3.000000000,2.405748485,-3.511188883
317,5.300000000,6be8e08108e07b31,0.000000000,3.000000000,2.319635960,-3.550319395
318,5.316666667,9bfa5c1778738789,0.000000000,3.000000000,2.231339976,-3.588633895
319,5.333333333,bcf7af92762ef5e7,0.000000000,3.000000000,2.140933460,-3.625976397
320,5.350000000,b392bc85d672d184,0.000000000,3.000000000,2.048501078,-3.662193801
321,5.366666667,b8138ff4756d347a,0.000000000,3.000000000,1.954139191,-3.697137624
322,5.383333333,3a02e4e5d4629c5c,0.000000000,3.000000000,1.857955550,-3.730665745
323,5.400000000,5b7a39118695b30d,0.000000000,3.000000000,1.760068763,-3.762644116
324,5.416666667,a1444957acba570a,0.000000000,3.000000000,1.660607504,-3.792948399
325,5.433333333,a2ca1fb61547fadc,0.000000000,3.000000000,1.559709501,-3.821465454
326,5.450000000,0c1649f7b4807825,0.000000000,3.000000000,1.457520318,-3.848094656
327,5.466666667,ad9a6f4387ad4fd5,0.000000000,3.000000000,1.354191957,-3.872748991
328,5.483333333,77c5ccaed3cf8d85,0.000000000,3.000000000,1.249881344,-3.895355890
329,5.500000000,042af9f2e1d01a1e,0.000000000,3.000000000,1.144748711,-3.915857799
330,5.516666667,6e97a494a78453cb,0.000000000,3.000000000,1.038955956,-3.934212465
331,5.533333333,046a5dced495454b,0.000000000,3.000000000,0.932665006,-3.950392935
332,5.550000000,dfbd4e61592cfe65,0.000000000,3.000000000,0.826036237,-3.964387294
333,5.566666667,94c66e69279e22c6,0.000000000,3.000000000,0.719227001,-3.976198147
334,5.583333333,a37797c004b7b7ed,0.000000000,3.000000000,0.612390281,-3.985841890
335,5.600000000,e0571edccb3a1fb3,0.000000000,3.000000000,0.505673512,-3.993347787
336,5.616666667,e97fd5fa9223cf8f,0.000000000,3.000000000,0.399217584,-3.998756906
337,5.633333333,ae8c4d2ba087fbb3,0.000000000,3.000000000,0.293156045,-4.002120938
338,5.650000000,0563fdb33076a1ee,0.000000000,3.000000000,0.187614498,-4.003500947
339,5.666666667,cdbcfa69e4cbadcd,0.000000000,3.000000000,0.082710200,-4.002966072
340,5.683333333,6ed3f7930881b0dd,0.000000000,3.000000000,-0.021448151,-4.000592232
341,5.700000000,0ef2b7a75cac9f79,0.000000000,3.000000000,-0.124760461,-3.996460840
342,5.716666667,b3ff781786b69f3b,0.000000000,3.000000000,-0.227135125,-3.990657565
343,5.733333333,852f82207678efec,0.000000000,3.000000000,-0.328488772,-3.983271161
344,5.750000000,00a8b4fef27a7663,0.000000000,3.000000000,-0.428745914,-3.974392361
345,5.766666667,b4928b21e7b2a19b,0.000000000,3.000000000,-0.527838489,-3.964112873
346,5.783333333,afa05c2b64048e51,0.000000000,3.000000000,-0.625705347,-3.952524463
347,5.800000000,b559825f60a274df,0.000000000,3.000000000,-0.722291695,-3.939718149
348,5.816666667,be655c0a26c336a7,0.000000000,3.000000000,-0.817548505,-3.925783490
349,5.833333333,8ff15af659566048,0.000000000,3.000000000,-0.911431933,-3.910807984
350,5.850000000,309f96386b895c65,0.000000000,3.000000000,-1.003902738,-3.894876570
351,5.866666667,356580ea6fff222e,0.000000000,3.000000000,-1.094925724,-3.878071231
352,5.883333333,02a8ad19b35161a0,0.000000000,3.000000000,-1.184469225,-3.860470686
353,5.900000000,5b37ef01576c47d6,0.000000000,3.000000000,-1.272504631,-3.842150181
354,5.916666667,c0ba178019321109,0.000000000,3.000000000,-1.359005960,-3.823181367
355,5.933333333,1147a087086b308c,0.000000000,3.000000000,-1.443949497,-3.803632242
356,5.950000000,23a26dde53f62a3b,0.000000000,3.000000000,-1.527313481,-3.783567185
357,5.966666667,3219c9164d2ca697,0.000000000,3.000000000,-1.609077856,-3.763047028
358,5.983333333,a81da7cbd8683b22,0.000000000,3.000000000,-1.689224076,-3.742129201
359,6.000000000,e1d19fcb68d480e5,0.000000000,3.000000000,-1.767734971,-3.720867908
360,6.016666667,d9effd2025d63766,0.000000000,3.000000000,-1.844594656,-3.699314335
361,6.033333333,742792f4e88bd76b,0.000000000,3.000000000,-1.919788485,-3.677516891
362,6.050000000,59ce65f2ef07f42c,0.000000000,3.000000000,-1.993303048,-3.655521448
363,6.066666667,743abdb489b296f3,0.000000000,3.000000000,-2.065126190,-3.633371598
364,6.083333333,c8c4e2d7199a3420,0.000000000,3.000000000,-2.135247060,-3.611108898
365,6.100000000,49f83ac49451f765,0.000000000,3.000000000,-2.203656173,-3.588773101
366,6.116666667,f08fe415744ab7f3,0.000000000,3.000000000,-2.270345471,-3.566402379
367,6.133333333,75fc1befb9a2ae8c,0.000000000,3.000000000,-2.335308400,-3.544033516
368,6.150000000,8174bf098c64e237,0.000000000,3.000000000,-2.398539965,-3.521702076
369,6.166666667,fa0bdbbd50f6feb4,0.000000000,3.000000000,-2.460036781,-3.499442545
370,6.183333333,fe826da054b7f67f,0.000000000,3.000000000,-2.519797116,-3.477288448
371,6.200000000,b8e3d4263f17e099,0.000000000,3.000000000,-2.577820898,-3.455272430
372,6.216666667,a841c05f5200c8ae,0.000000000,3.000000000,-2.634109719,-3.433426320
373,6.233333333,39f3892a85e56a7d,0.000000000,3.000000000,-2.688666807,-3.411781163
374,6.250000000,85064577e38fd66f,0.000000000,3.000000000,-2.741496985,-3.390367239
375,6.266666667,3f4e4f2fc3eb7ba7,0.000000000,3.000000000,-2.792606608,-3.369214060
376,6.283333333,d18ce1eb7bd1a298,0.000000000,3.000000000,-2.842003479,-3.348350352
377,6.300000000,d3281d7a73b25345,0.000000000,3.000000000,-2.889696759,-3.327804032
378,6.316666667,bfa05388c01174dd,0.000000000,3.000000000,-2.935696860,-3.307602171
379,6.333333333,1f8b98f7093e4931,0.000000000,3.000000000,-2.980015333,-3.287770964
380,6.350000000,cd70747002bac779,0.000000000,3.000000000,-3.022664745,-3.268335688
381,6.366666667,905afdc1503a5695,0.000000000,3.000000000,-3.063658564,-3.249320672
382,6.383333333,cccde4f604a57c35,0.000000000,3.000000000,-3.103011040,-3.230749270
383,6.400000000,dd120fbd905e9727,0.000000000,3.000000000,-3.140737083,-3.212643831
384,6.416666667,7fc4bda09c89dc8e,0.000000000,3.000000000,-3.176852159,-3.195025693
385,6.433333333,bebbdfbb779d0874,0.000000000,3.000000000,-3.211372185,-3.177915169
386,6.450000000,9e376855407b79a2,0.000000000,3.000000000,-3.244313430,-3.161331556
387,6.466666667,fefd92be181544c5,0.000000000,3.000000000,-3.275692430,-3.145293138
388,6.483333333,7c93139f11663cd8,0.000000000,3.000000000,-3.305525910,-3.129817212
389,6.500000000,b4bc54fe4a8d692a,0.000000000,3.000000000,-3.333830708,-3.114920105
390,6.516666667,0d50409cc3855889,0.000000000,3.000000000,-3.360623715,-3.100617214
391,6.533333333,5a265ba4f3e284ef,0.000000000,3.000000000,-3.385921816,-3.086923031
392,6.550000000,db1627b9efa52628,0.000000000,3.000000000,-3.409741833,-3.073851188
393,6.566666667,3f8dc72eed6afb06,0.000000000,3.000000000,-3.432100482,-3.061414490
394,6.583333333,2533152b826579dc,0.000000000,3.000000000,-3.453014321,-3.049624954
395,6.600000000,68934549bdeb6d75,0.000000000,3.000000000,-3.472499706,-3.038493842
396,6.616666667,f155ee57f6b8c0f4,0.000000000,3.000000000,-3.490572744,-3.028031691
397,6.633333333,029c369cb9410dbd,0.000000000,3.000000000,-3.507249247,-3.018248338
398,6.650000000,c4f9d0e7568a7e8e,0.000000000,3.000000000,-3.522544685,-3.009152934
399,6.666666667,4035dac51133efaf,0.000000000,3.000000000,-3.536474131,-3.000753959
400,6.683333333,d0bc93819855f47d,0.000000000,3.000000000,-3.549052210,-2.993059221
401,6.700000000,e98125296382192d,0.000000000,3.000000000,-3.560293045,-2.986075850
402,6.716666667,f6a07f69df38390b,0.000000000,3.000000000,-3.570210193,-2.979810286
403,6.733333333,965d571598f5e539,0.000000000,3.000000000,-3.578816588,-2.974268260
404,6.750000000,1d2bfe6881f9f8f7,0.000000000,3.000000000,-3.586124479,-2.969454764
405,6.766666667,68ed835cdc3b3f5e,0.000000000,3.000000000,-3.592145363,-2.965374023
406,6.783333333,daf6707f06fcfc9e,0.000000000,3.000000000,-3.596889925,-2.962029462
407,6.800000000,f48cf2702a09fa53,0.000000000,3.000000000,-3.600367972,-2.959423666
408,6.816666667,3d0a08c3d9607372,0.000000000,3.000000000,-3.602588375,-2.957558347
409,6.833333333,2d7791a77e7e4634,0.000000000,3.000000000,-3.603559007,-2.956434311
410,6.850000000,9785710a562d912d,0.000000000,3.000000000,-3.603286685,-2.956051423
411,6.866666667,420d6f94d792716e,0.000000000,3.000000000,-3.601777123,-2.956408587
412,6.883333333,edf1e7b4e710f1f8,0.000000000,3.000000000,-3.599034877,-2.957503721
413,6.900000000,c837cb1221e51652,0.000000000,3.000000000,-3.595063303,-2.959333752
414,6.916666667,30bcfe0fc9c6e199,0.000000000,3.000000000,-3.589864521,-2.961894608
415,6.933333333,57b4591ee3884fca,0.000000000,3.000000000,-3.583439373,-2.965181225
416,6.950000000,f31be3352763ed9a,0.000000000,3.000000000,-3.575787401,-2.969187568
417,6.966666667,14357b135daacee0,0.000000000,3.000000000,-3.566906816,-2.973906650
418,6.983333333,2e330a4423810ab5,0.000000000,3.000000000,-3.556794483,-2.979330575
419,7.000000000,69bb70a6f6b105ed,0.000000000,3.000000000,-3.545445902,-2.985450576
420,7.016666667,0a3c31d83cd97a7e,0.000000000,3.000000000,-3.532855202,-2.992257074
421,7.033333333,27af6e59514e2667,0.000000000,3.000000000,-3.519015130,-2.999739736
422,7.050000000,a0d20ef786c26aee,0.000000000,3.000000000,-3.503917051,-3.007887544
423,7.066666667,896541d3c51ef258,0.000000000,3.000000000,-3.487550951,-3.016688866
424,7.083333333,85505db0507f6f36,0.000000000,3.000000000,-3.469905444,-3.026131540
425,7.100000000,8b0fccfd32d3e327,0.000000000,3.000000000,-3.450967782,-3.036202945
426,7.116666667,c6416c1f868b1dd4,0.000000000,3.000000000,-3.430723871,-3.046890095
427,7.133333333,353fe85f2485fece,0.000000000,3.000000000,-3.409158295,-3.058179714
428,7.150000000,03d196bd8157df0e,0.000000000,3.000000000,-3.386254337,-3.070058326
429,7.166666667,0c7458ec6a23bc93,0.000000000,3.000000000,-3.361994018,-3.082512333
430,7.183333333,59f486acef1e772e,0.000000000,3.000000000,-3.336358134,-3.095528101
431,7.200000000,bd5c7f153f9465a6,0.000000000,3.000000000,-3.309326305,-3.109092030
432,7.216666667,fe505357bf3cfc2c,0.000000000,3.000000000,-3.280877030,-3.123190634
433,7.233333333,8e1e65faff2b7d76,0.000000000,3.000000000,-3.250987752,-3.137810605
434,7.250000000,50cc6d027a3811f0,0.000000000,3.000000000,-3.219634937,-3.152938876
435,7.266666667,b2e64a8a77b4391d,0.000000000,3.000000000,-3.186794157,-3.168562674
436,7.283333333,d005b102ced6d098,0.000000000,3.000000000,-3.152440187,-3.184669564
437,7.300000000,8e0f87ca9e3d76e5,0.000000000,3.000000000,-3.116547117,-3.201247486
438,7.316666667,5d1979a957e1b103,0.000000000,3.000000000,-3.079088465,-3.218284772
439,7.333333333,ebf351ef36df84be,0.000000000,3.000000000,-3.040037313,-3.235770154
440,7.350000000,b5b629bf1d69c5c2,0.000000000,3.000000000,-2.999366445,-3.253692753
441,7.366666667,0292af488e76ba9f,0.000000000,3.000000000,-2.957048495,-3.272042046
442,7.383333333,3bf7e65cd1919025,0.000000000,3.000000000,-2.913056100,-3.290807812
443,7.400000000,9b2f9779508e8ff6,0.000000000,3.000000000,-2.867362065,-3.309980050
444,7.416666667,8bf734af42b4d472,0.000000000,3.000000000,-2.819939521,-3.329548870
445,7.433333333,960a37505a770fc1,0.000000000,3.000000000,-2.770762089,-3.349504350
446,7.450000000,6ea306b25486f21a,0.000000000,3.000000000,-2.719804038,-3.369836358
447,7.466666667,92f6e01c25dc73e6,0.000000000,3.000000000,-2.667040440,-3.390534340
448,7.483333333,3cc566cf029ccdf4,0.000000000,3.000000000,-2.612447313,-3.411587061
449,7.500000000,fde25e817a766c71,0.000000000,3.000000000,-2.556001756,-3.432982311
450,7.516666667,6cd84c1986a356f9,0.000000000,3.000000000,-2.497682072,-3.454706570
451,7.533333333,aa363bb8cfe50129,0.000000000,3.000000000,-2.437467883,-3.476744621
452,7.550000000,3433e5509678dcdb,0.000000000,3.000000000,-2.375340225,-3.499079128
453,7.566666667,04dc1d887229236a,0.000000000,3.000000000,-2.311281646,-3.521690174
454,7.583333333,998d2defc6ed4fb4,0.000000000,3.000000000,-2.245276293,-3.544554753
455,7.600000000,8fafc32679b3e023,0.000000000,3.000000000,-2.177310005,-3.567646227
456,7.616666667,5344667f331cc30a,0.000000000,3.000000000,-2.107370416,-3.590933757
457,7.633333333,f9840e356f41f46a,0.000000000,3.000000000,-2.035447078,-3.614381695
458,7.650000000,eecb04713cd8f75c,0.000000000,3.000000000,-1.961531624,-3.637948960
459,7.666666667,24d16a73c0401348,0.000000000,3.000000000,-1.885617969,-3.661588407
460,7.683333333,d52d55d6aee4a408,0.000000000,3.000000000,-1.807702583,-3.685246180
461,7.700000000,bcecec79aa3b88b1,0.000000000,3.000000000,-1.727784843,-3.708861088
462,7.716666667,7a091923082904e1,0.000000000,3.000000000,-1.645867484,-3.732364008
463,7.733333333,efdec9d5f3e42fa0,0.000000000,3.000000000,-1.561957168,-3.755677332
464,7.750000000,041f111db3f700a7,0.000000000,3.000000000,-1.476065184,-3.778714500
465,7.766666667,457bee4d9dcbee08,0.000000000,3.000000000,-1.388208297,-3.801379648
466,7.783333333,ea7d59cbae646cf2,0.000000000,3.000000000,-1.298409745,-3.823567400
467,7.800000000,4059cecb30358440,0.000000000,3.000000000,-1.206700397,-3.845162870
468,7.816666667,a423205d80102ec1,0.000000000,3.000000000,-1.113120050,-3.866041920
469,7.833333333,55a11d197f409303,0.000000000,3.000000000,-1.017718844,-3.886071726
470,7.850000000,a3280fd7d9910be6,0.000000000,3.000000000,-0.920558753,-3.905111719
471,7.866666667,709a9437b9df47d4,0.000000000,3.000000000,-0.821715095,-3.923014960
472,7.883333333,373fc5e74499c853,0.000000000,3.000000000,-0.721277968,-3.939629969
473,7.900000000,9060fc93f27445b4,0.000000000,3.000000000,-0.619353515,-3.954803058
474,7.916666667,eb06d88842c43d65,0.000000000,3.000000000,-0.516064904,-3.968381141
475,7.933333333,f88c6fb4fe1ca737,0.000000000,3.000000000,-0.411552884,-3.980214980
476,7.950000000,71e5d6a6e532dde9,0.000000000,3.000000000,-0.305975794,-3.990162775
477,7.966666667,1f6b9639e3c02c6b,0.000000000,3.000000000,-0.199508932,-3.998093951
478,7.983333333,a81fff7f89fb4dfd,0.000000000,3.000000000,-0.092343196,-4.003892971
479,8.000000000,40ca51a2ac848dad,0.000000000,3.000000000,0.015317012,-4.007462947
480,8.016666667,e70454f528830332,0.000000000,3.000000000,0.123256587,-4.008728822
481,8.033333333,9e888e5b65ebce12,0.000000000,3.000000000,0.231253106,-4.007639923
482,8.050000000,aa1e278a44050092,0.000000000,3.000000000,0.339080656,-4.004171691
483,8.066666667,f2569ee8d0bfc6f2,0.000000000,3.000000000,0.446513865,-3.998326483
484,8.083333333,211a1ad93d004c16,0.000000000,3.000000000,0.553331934,-3.990133402
485,8.100000000,24ebdeb2f39cbd5f,0.000000000,3.000000000,0.659322425,-3.979647196
486,8.116666667,0cc346de366082ef,0.000000000,3.000000000,0.764284617,-3.966946326
487,8.133333333,ac06015beaebda28,0.000000000,3.000000000,0.868032277,-3.952130375
488,8.150000000,3b00340ceebaf6bd,0.000000000,3.000000000,0.970395761,-3.935316991
489,8.166666667,7a23331a43e3fcbe,0.000000000,3.000000000,1.071223393,-3.916638553
490,8.183333333,08f522f056cdce5c,0.000000000,3.000000000,1.170382173,-3.896238769
491,8.200000000,1e431f56d186e0e5,0.000000000,3.000000000,1.267757838,-3.874269341
492,8.216666667,07539cc71a0e61eb,0.000000000,3.000000000,1.363254402,-3.850886851
493,8.233333333,e8b0ff558e1b5d88,0.000000000,3.000000000,1.456793239,-3.826249930
494,8.250000000,e7d9dc6a5d428de2,0.000000000,3.000000000,1.548311850,-3.800516771
495,8.266666667,c45a6bdac40f3441,0.000000000,3.000000000,1.637762391,-3.773843017
496,8.283333333,c31a74050d1e3985,0.000000000,3.000000000,1.725110060,-3.746379996
497,8.300000000,d61091b1eeb397a1,0.000000000,3.000000000,1.810331423,-3.718273317
498,8.316666667,850c447863d77d36,0.000000000,3.000000000,1.893412740,-3.689661771
499,8.333333333,dea4892e070bebaf,0.000000000,3.000000000,1.974348342,-3.660676523
500,8.350000000,7e3b80ae31167a77,0.000000000,3.000000000,2.053139104,-3.631440551
501,8.366666667,36eb5db3871edd24,0.000000000,3.000000000,2.129791029,-3.602068301
502,8.383333333,3fc3253db35e10c8,0.000000000,3.000000000,2.204313983,-3.572665538
503,8.400000000,cb2c48bf698d281f,0.000000000,3.000000000,2.276720587,-3.543329339
504,8.416666667,95a48fe49c6cf549,0.000000000,3.000000000,2.347025258,-3.514148240
505,8.433333333,e8622153aedb3763,0.000000000,3.000000000,2.415243432,-3.485202483
506,8.450000000,864aa4b09ca7e670,0.000000000,3.000000000,2.481390935,-3.456564369
507,8.466666667,e54c403e5237702b,0.000000000,3.000000000,2.545483517,-3.428298677
508,8.483333333,ba32590dccbe8537,0.000000000,3.000000000,2.607536531,-3.400463161
509,8.500000000,09be3a5fcf6f36d9,0.000000000,3.000000000,2.667564746,-3.373109090
510,8.516666667,5eea5e5582b8a092,0.000000000,3.000000000,2.725582269,-3.346281827
511,8.533333333,bbd4c034b462fa66,0.000000000,3.000000000,2.781602585,-3.320021431
512,8.550000000,5b8d9b1f96243367,0.000000000,3.000000000,2.835638662,-3.294363276
513,8.566666667,eac7c0e827f6dbd9,0.000000000,3.000000000,2.887703129,-3.269338665
514,8.583333333,dbe02702219f5fe2,0.000000000,3.000000000,2.937808493,-3.244975443
515,8.600000000,b425910ee211ff22,0.000000000,3.000000000,2.985967382,-3.221298571
516,8.616666667,e62590b8dfb3d343,0.000000000,3.000000000,3.032192790,-3.198330684
517,8.633333333,24c7afa5727ada65,0.000000000,3.000000000,3.076498308,-3.176092588
518,8.650000000,e50ec4d483327cf1,0.000000000,3.000000000,3.118898332,-3.154603715
519,8.666666667,fff8019b1b26bcc9,0.000000000,3.000000000,3.159408224,-3.133882512
520,8.683333333,f0859001728af8bb,0.000000000,3.000000000,3.198044431,-3.113946758
521,8.700000000,eb0b1f04dd143fe3,0.000000000,3.000000000,3.234824535,-3.094813817
522,8.716666667,9d4c8348f7cdb407,0.000000000,3.000000000,3.269767255,-3.076500811
523,8.733333333,9242fc2cbfad2b37,0.000000000,3.000000000,3.302892379,-3.059024716
524,8.750000000,86fc1e1d5206322f,0.000000000,3.000000000,3.334220644,-3.042402400
525,8.766666667,1d01f4915a4c1c1e,0.000000000,3.000000000,3.363773555,-3.026650577
526,8.783333333,34dd6df970f3db91,0.000000000,3.000000000,3.391573171,-3.011785713
527,8.800000000,34c67accff7a7402,0.000000000,3.000000000,3.417641847,-2.997823885
528,8.816666667,3ffbeeb56084cef8,0.000000000,3.000000000,3.442001955,-2.984780584
529,8.833333333,e65f59461291fda9,0.000000000,3.000000000,3.464675593,-2.972670511
530,8.850000000,332ab097518156c6,0.000000000,3.000000000,3.485684295,-2.961507337
531,8.866666667,37838f8d46c17dc5,0.000000000,3.000000000,3.505048749,-2.951303473
532,8.883333333,78eb85ad775a7631,0.000000000,3.000000000,3.522788541,-2.942069844
533,8.900000000,794e02ac5bc7b7b5,0.000000000,3.000000000,3.538921929,-2.933815675
534,8.916666667,54404a9144b9dbe4,0.000000000,3.000000000,3.553465658,-2.926548315
535,8.933333333,a736f38c926f2496,0.000000000,3.000000000,3.566434812,-2.920273090
536,8.950000000,3b7496b9e14411ef,0.000000000,3.000000000,3.577842727,-2.914993205
537,8.966666667,c2d70ebbed5a9a31,0.000000000,3.000000000,3.587700946,-2.910709678
538,8.983333333,75b6bad9912552b7,0.000000000,3.000000000,3.596019221,-2.907421342
539,9.000000000,44d066ed7374a69c,0.000000000,3.000000000,3.602805571,-2.905124874
540,9.016666667,cb8cf4fe4975b8c9,0.000000000,3.000000000,3.608066372,-2.903814878
541,9.033333333,5e8955fb2a6e07e8,0.000000000,3.000000000,3.611806495,-2.903484010
542,9.050000000,a4743aef9a9ff4e9,0.000000000,3.000000000,3.614029459,-2.904123129
543,9.066666667,7089976258cf4a56,0.000000000,3.000000000,3.614737620,-2.905721482
544,9.083333333,fdf28d0da97126b6,0.000000000,3.000000000,3.613932367,-2.908266903
545,9.100000000,4f7916327c344890,0.000000000,3.000000000,3.611614326,-2.911746024
546,9.116666667,660120e5c3ab8669,0.000000000,3.000000000,3.607783556,-2.916144488
547,9.133333333,72ae1ca2bc0ce280,0.000000000,3.000000000,3.602439748,-2.921447154
548,9.150000000,e4969ae5b292be04,0.000000000,3.000000000,3.595582395,-2.927638288
549,9.166666667,e16b8406ff2158e9,0.000000000,3.000000000,3.587210951,-2.934701731
550,9.183333333,3aeda68857385bc5,0.000000000,3.000000000,3.577324960,-2.942621044
551,9.200000000,7410fc918bd9167b,0.000000000,3.000000000,3.565924159,-2.951379617
552,9.216666667,d29a0cd9560a8ec0,0.000000000,3.000000000,3.553008554,-2.960960747
553,9.233333333,36cd4fb2d52decac,0.000000000,3.000000000,3.538578461,-2.971347675
554,9.250000000,af1e78d94860e504,0.000000000,3.000000000,3.522634529,-2.982523598
555,9.266666667,b603748a5575e1ca,0.000000000,3.000000000,3.505177731,-2.994471633
556,9.283333333,8dd75cf62d78bc57,0.000000000,3.000000000,3.486209334,-3.007174758
557,9.300000000,6fa6a017f031f938,0.000000000,3.000000000,3.465730851,-3.020615727
558,9.316666667,fb33fb232f6568f7,0.000000000,3.000000000,3.443743984,-3.034776952
559,9.333333333,e5626dc1ee630e6a,0.000000000,3.000000000,3.420250557,-3.049640379
560,9.350000000,80f4d3aae5abec2d,0.000000000,3.000000000,3.395252438,-3.065187340
561,9.366666667,8fce5edbdb4b31f5,0.000000000,3.000000000,3.368751477,-3.081398408
562,9.383333333,8801f90aa7ce6f91,0.000000000,3.000000000,3.340749438,-3.098253249
563,9.400000000,0a3fc6d39620c7ec,0.000000000,3.000000000,3.311247953,-3.115730471
564,9.416666667,f590676e961243c2,0.000000000,3.000000000,3.280248479,-3.133807498
565,9.433333333,d7300a3e071288ed,0.000000000,3.000000000,3.247752282,-3.152460445
566,9.450000000,4ff29b6bf456d95d,0.000000000,3.000000000,3.213760437,-3.171664018
567,9.466666667,12ad39e94bfaf938,0.000000000,3.000000000,3.178273851,-3.191391433
568,9.483333333,dc73727f8847ba86,0.000000000,3.000000000,3.141293306,-3.211614360
569,9.500000000,3ff7ef7d476b34d0,0.000000000,3.000000000,3.102819528,-3.232302891
570,9.516666667,25d3f9324b8c4621,0.000000000,3.000000000,3.062853276,-3.253425532
571,9.533333333,acd8a257c3c3eb98,0.000000000,3.000000000,3.021395446,-3.274949220
572,9.550000000,063ce922ce261b9b,0.000000000,3.000000000,2.978447204,-3.296839362
573,9.566666667,6f8fbe724d4447ac,0.000000000,3.000000000,2.934010118,-3.319059900
574,9.583333333,cb4b864b72799cba,0.000000000,3.000000000,2.888086322,-3.341573387
575,9.600000000,9c2d45c17f6f41de,0.000000000,3.000000000,2.840678669,-3.364341087
576,9.616666667,bd5989e2d00b3cbd,0.000000000,3.000000000,2.791790903,-3.387323085
577,9.633333333,961ae4630fc22228,0.000000000,3.000000000,2.741427824,-3.410478406
578,9.650000000,57fd4f2c89c1ffb2,0.000000000,3.000000000,2.689595459,-3.433765145
579,9.666666667,db7b28da295b71c5,0.000000000,3.000000000,2.636301219,-3.457140599
580,9.683333333,35d363b0e67181b9,0.000000000,3.000000000,2.581554052,-3.480561399
581,9.700000000,cf89f4fb9f721875,0.000000000,3.000000000,2.525364584,-3.503983648
582,9.716666667,059dffcc9efe1123,0.000000000,3.000000000,2.467745243,-3.527363050
583,9.733333333,f0fffcd60026aaf3,0.000000000,3.000000000,2.408710371,-3.550655036
584,9.750000000,ca004aa232dd1199,0.000000000,3.000000000,2.348276314,-3.573814892
585,9.766666667,4eaa767fa76f3a4b,0.000000000,3.000000000,2.286461495,-3.596797867
586,9.783333333,68884e9569404987,0.000000000,3.000000000,2.223286466,-3.619559293
587,9.800000000,8663a0599539b696,0.000000000,3.000000000,2.158773939,-3.642054679
588,9.816666667,8518762ed4d6443f,0.000000000,3.000000000,2.092948803,-3.664239816
589,9.833333333,7851e95843e700e6,0.000000000,3.000000000,2.025838113,-3.686070864
590,9.850000000,0354cc857a402de4,0.000000000,3.000000000,1.957471068,-3.707504441
591,9.866666667,900774d9b6ccaf76,0.000000000,3.000000000,1.887878971,-3.728497701
592,9.883333333,885357d215399b47,0.000000000,3.000000000,1.817095173,-3.749008411
593,9.900000000,30bafc94ac59f818,0.000000000,3.000000000,1.745155005,-3.768995027
594,9.916666667,904a235a23e57b99,0.000000000,3.000000000,1.672095701,-3.788416762
595,9.933333333,b84df6b0b7aee8b7,0.000000000,3.000000000,1.597956312,-3.807233655
596,9.950000000,247db8efe0c5a7d7,0.000000000,3.000000000,1.522777616,-3.825406641
597,9.966666667,1a145c654eefbba0,0.000000000,3.000000000,1.446602019,-3.842897617
598,9.983333333,9e72840903862c54,0.000000000,3.000000000,1.369473464,-3.859669514
599,10.000000000,9dc3bd72a4f7f31a,0.000000000,3.000000000,1.291437331,-3.875686365
